date,kind,name,category,amount_EGP,balance_after,calc_balance
2026-01-28,debit,talabat.com Cai,مطاعم وتوصيل,181.29,562.65,562.65
2026-01-30,credit,يوسف نبيل نصيف رزق,وارد,13000.00,,13562.65
2026-01-30,debit,85 HARAM ST GIZ,مشتريات ومحلات,1500.00,12057.65,12062.65
2026-02-01,debit,VODAFONE EGYPT Cai,موبايل وإنترنت,142.86,11914.79,11919.79
2026-02-01,debit,NBE ATM011,سحب نقدي (ATM),500.00,11414.79,11419.79
2026-02-01,debit,BESO STORE,مشتريات ومحلات,700.00,10714.79,10719.79
2026-02-01,debit,Alothaim Market Oth,بقالة وسوبر ماركت,277.00,10437.79,10442.79
2026-02-02,debit,NBE ATM714,سحب نقدي (ATM),1000.00,9437.79,9442.79
2026-02-03,debit,FAWRY*RUMBLE BYM store,مدفوعات وتحويلات,2000.00,7437.79,7442.79
2026-02-03,debit,VODAFONE EGYPT Cai,موبايل وإنترنت,142.86,7294.93,7299.93
2026-02-03,debit,Vodafone Top Up APP Sma,موبايل وإنترنت,300.00,6994.93,6999.93
2026-02-03,debit,Vodafone Top Up APP Sma,موبايل وإنترنت,286.00,6708.93,6713.93
2026-02-05,debit,QNBS-0082 GIZ,مدفوعات وتحويلات,2000.00,4703.93,4713.93
2026-02-11,debit,Orange - Home InternetNIL,موبايل وإنترنت,72.00,4391.94,4641.93
2026-02-11,debit,talabat.com Cai,مطاعم وتوصيل,239.99,4463.94,4401.94
2026-02-12,debit,talabat.com Cai,مطاعم وتوصيل,398.00,3993.94,4003.94
2026-02-12,debit,NBE ATM435,سحب نقدي (ATM),500.00,3493.94,3503.94
2026-02-13,debit,VODAFONE EGYPT Cai,موبايل وإنترنت,142.86,3351.08,3361.08
2026-02-14,debit,talabat.com Cai,مطاعم وتوصيل,208.18,3142.90,3152.90
2026-02-14,debit,85 HARAM ST GIZ,مشتريات ومحلات,500.00,2637.90,2652.90
2026-02-15,debit,Vodafone Top Up APP Sma,موبايل وإنترنت,150.00,2487.90,2502.90
2026-02-15,debit,NBE ATM011,سحب نقدي (ATM),500.00,1987.90,2002.90
2026-02-16,debit,NBE ATM583,سحب نقدي (ATM),1000.00,987.90,1002.90
2026-02-17,debit,Vodafone Top Up APP Sma,موبايل وإنترنت,350.00,637.90,652.90
2026-02-17,debit,Vodafone Top Up APP Sma,موبايل وإنترنت,29.00,608.90,623.90
2026-02-18,debit,talabat.com Cai,مطاعم وتوصيل,243.09,365.81,380.81
2026-02-25,debit,Vodafone Top Up APP Sma,موبايل وإنترنت,150.00,215.81,230.81
2026-02-28,credit,يوسف نبيل نصيف رزق,وارد,10000.00,,10230.81
2026-02-28,debit,FAWRY*RUMBLE BYM store,مدفوعات وتحويلات,400.00,9815.81,9830.81
2026-03-01,debit,FAWRY*SAHB ALSAADH,مدفوعات وتحويلات,207.00,9608.81,9623.81
2026-03-03,debit,NBE ATM583,سحب نقدي (ATM),1000.00,8608.81,8623.81
2026-03-04,debit,NBE ATM713,سحب نقدي (ATM),8000.00,608.81,623.81
2026-03-04,refund,NBE ATM713,رد مبلغ,8000.00,,8623.81
2026-03-04,debit,NBE ATM713,سحب نقدي (ATM),3000.00,5608.81,5623.81
2026-03-06,debit,VODAFONE EGYPT Cai,موبايل وإنترنت,142.86,5465.95,5480.95
2026-03-07,debit,PAYMOB*ANAS ELDEMESH,مدفوعات وتحويلات,95.00,5370.95,5385.95
2026-03-09,debit,Orange - Home InternetNIL,موبايل وإنترنت,143.00,5227.95,5242.95
2026-03-09,debit,NBE ATM666,سحب نقدي (ATM),3300.00,1927.95,1942.95
2026-03-09,debit,VODAFONE EGYPT Cai,موبايل وإنترنت,142.86,1785.09,1800.09
2026-03-10,debit,85 HARAM ST GIZ,مشتريات ومحلات,200.00,1580.09,1600.09
2026-03-10,debit,NBE ATM730,سحب نقدي (ATM),1000.00,580.09,600.09
2026-03-11,debit,Vodafone Top Up APP Sma,موبايل وإنترنت,222.00,358.09,378.09
2026-03-11,debit,Talabat Maa,مطاعم وتوصيل,258.00,100.09,120.09
2026-03-11,debit,Orange - Home InternetNIL,موبايل وإنترنت,99.00,1.09,21.09
2026-03-29,credit,يوسف نبيل نصيف رزق,وارد,13000.00,,13021.09
2026-03-30,debit,NBE ATM598,سحب نقدي (ATM),1000.00,12001.09,12021.09
2026-04-01,debit,Vodafone Top Up APP Sma,موبايل وإنترنت,222.00,11779.09,11799.09
2026-04-02,debit,BDC ELHARAM C,مشتريات ومحلات,1000.00,10774.09,10799.09
2026-04-02,credit,JANA AHMED,وارد,100.00,,10899.09
2026-04-03,debit,NBK-EGYPT MINA_PALACE 15,مدفوعات وتحويلات,1500.00,9369.09,9399.09
2026-04-04,debit,AMAZON Cai,تسوق أونلاين,2385.99,6983.10,7013.10
2026-04-05,debit,SENSE GIZ,مشتريات ومحلات,752.00,6231.10,6261.10
2026-04-05,debit,Talabat Maa,مطاعم وتوصيل,169.99,6061.11,6091.11
2026-04-05,debit,PAYMOB-*Walker 10th fl CA,مدفوعات وتحويلات,1000.00,5061.11,5091.11
2026-04-06,debit,CIRCLE K TOP SEVEN GI,بنزين ووقود,142.00,4919.11,4949.11
2026-04-07,debit,NBE ATM583,سحب نقدي (ATM),1000.00,3919.11,3949.11
2026-04-09,debit,Vodafone Top Up APP Sma,موبايل وإنترنت,365.00,3554.11,3584.11
2026-04-09,debit,FIBE HO,مدفوعات وتحويلات,1000.00,2549.11,2584.11
2026-04-09,refund,FIBE HO,رد مبلغ,1000.00,,3584.11
2026-04-10,debit,BM EL MARYOTYA BR 1 G,مشتريات ومحلات,1000.00,2549.11,2584.11
2026-04-11,debit,PAYMOB-*Dr Lamias phar GI,صحة وصيدليات,240.00,2309.11,2344.11
2026-04-13,debit,NBE ATM730,سحب نقدي (ATM),1000.00,1309.11,1344.11
2026-04-14,debit,Orange - Home InternetNIL,موبايل وإنترنت,99.00,1210.11,1245.11
2026-04-14,debit,Talabat Maa,مطاعم وتوصيل,175.94,1034.17,1069.17
2026-04-15,credit,IBRAHIM SAEED ABD ELAZIZ ABD ELNAGY,وارد,55.00,,1124.17
2026-04-15,debit,PAYMOB-*TAHA HUSS GI,مدفوعات وتحويلات,508.00,581.17,616.17
2026-04-17,debit,NBE ATM341,سحب نقدي (ATM),500.00,81.17,116.17
2026-04-19,credit,ESSAM MOHAMED TAHA MAHROUS IBRAHIM,وارد,100.00,,216.17
2026-04-19,credit,يوسف نبيل نصيف رزق,وارد,6000.00,,6216.17
2026-04-19,debit,STRELLA COFFE GI,كافيهات وترفيه,155.00,6026.17,6061.17
2026-04-19,debit,FAWRY*TSHYKN HNWMH C,مدفوعات وتحويلات,100.00,5926.17,5961.17
2026-04-20,debit,BM EL MARYOTYA BR 1 G,مشتريات ومحلات,2000.00,3921.17,3961.17
2026-04-20,debit,Vodafone Top Up APP Sma,موبايل وإنترنت,222.00,3699.17,3739.17
2026-04-24,debit,Vodafone Top Up APP Sma,موبايل وإنترنت,143.00,3556.17,3596.17
2026-04-25,debit,Alothaim Market Oth,بقالة وسوبر ماركت,204.95,3351.22,3391.22
2026-04-26,debit,Talabat Maa,مطاعم وتوصيل,183.89,3167.33,3207.33
2026-04-27,debit,NBE ATM714,سحب نقدي (ATM),500.00,2667.33,2707.33
2026-04-27,debit,Vodafone Top Up APP Sma,موبايل وإنترنت,300.00,2367.33,2407.33
2026-04-27,debit,Vodafone Top Up APP Sma,موبايل وإنترنت,72.00,2295.33,2335.33
2026-04-28,debit,NBE ATM583,سحب نقدي (ATM),1000.00,1295.33,1335.33
2026-04-30,debit,FAWRY*BYT ALRYADH SP,بقالة وسوبر ماركت,130.00,1165.33,1205.33
2026-05-01,debit,PAYMOB-*Dr Lamias phar GI,صحة وصيدليات,70.00,1095.33,1135.33
2026-05-02,credit,يوسف نبيل نصيف رزق,وارد,13000.00,,14135.33
2026-05-02,debit,Vodafone Top Up APP Sma,موبايل وإنترنت,365.00,13730.33,13770.33
2026-05-05,credit,EIAD MOHAMED SAYED,وارد,475.00,,14245.33
2026-05-13,debit,Vodafone Top Up APP Sma,موبايل وإنترنت,222.00,7983.33,14023.33
2026-05-13,debit,Vodafone Top Up APP Sma,موبايل وإنترنت,32.00,7951.33,13991.33
2026-05-14,debit,EL EZABY HEL,صحة وصيدليات,1109.40,6841.93,12881.93
2026-05-15,debit,Uber Dow,مطاعم وتوصيل,5.00,6836.93,12876.93
2026-05-15,debit,Uber Dow,مطاعم وتوصيل,89.98,6746.95,12786.95
2026-05-15,debit,AL NASSER GI,مشتريات ومحلات,1985.00,4761.95,10801.95
2026-05-17,debit,Flash Technologies Cai,مشتريات ومحلات,1887.90,2874.05,8914.05
2026-05-18,debit,Orange - Home InternetNIL,موبايل وإنترنت,99.00,2775.05,8815.05
2026-05-18,debit,Orange - Home InternetNIL,موبايل وإنترنت,99.00,2676.05,8716.05
2026-05-18,debit,NBE ATM011,سحب نقدي (ATM),1000.00,1676.05,7716.05
2026-05-22,debit,NBE ATM733,سحب نقدي (ATM),1000.00,182.05,6716.05
2026-05-26,debit,VODAFONE EGYPT Cai,موبايل وإنترنت,164.29,17.76,6551.76
2026-05-28,credit,يوسف نبيل نصيف رزق,وارد,10000.00,,16551.76
2026-05-29,debit,Vodafone Top Up APP Sma,موبايل وإنترنت,500.00,9522.76,16051.76
2026-05-31,debit,Talabat Maa,مطاعم وتوصيل,257.00,9265.76,15794.76
2026-06-01,debit,NBE ATM714,سحب نقدي (ATM),3000.00,6265.76,12794.76
2026-06-06,debit,VODAFONE EGYPT Cai,موبايل وإنترنت,164.29,6101.47,12630.47
2026-06-07,debit,Alothaim Market Oth,بقالة وسوبر ماركت,183.45,5918.02,12447.02
2026-06-09,debit,Vodafone Top Up APP Sma,موبايل وإنترنت,500.00,5418.02,11947.02
2026-06-09,debit,KASHIER*AboSh Cai,مشتريات ومحلات,1350.00,4068.02,10597.02
2026-06-10,debit,Talabat Maa,مطاعم وتوصيل,138.68,3929.34,10458.34
2026-06-11,debit,NBE ATM714,سحب نقدي (ATM),3000.00,929.34,7458.34
2026-06-13,debit,Uber Dow,مطاعم وتوصيل,5.00,924.34,7453.34
2026-06-13,debit,Uber Dow,مطاعم وتوصيل,20.70,903.64,7432.64
2026-06-14,debit,VODAFONE EGYPT Cai,موبايل وإنترنت,164.29,739.35,7268.35
2026-06-17,debit,NBE ATM713,سحب نقدي (ATM),500.00,239.35,6768.35
2026-06-19,debit,VODAFONE EGYPT Cai,موبايل وإنترنت,164.29,75.06,6604.06
2026-06-24,debit,NBE ATM020,سحب نقدي (ATM),50.00,25.06,6554.06
2026-06-30,credit,يوسف نبيل نصيف رزق,وارد,15000.00,,21554.06
2026-06-30,debit,Vodafone Top Up APP Sma,موبايل وإنترنت,500.00,14530.06,21054.06
2026-06-30,debit,CIB-OSAMA TAEBY LIBINYHAG,مدفوعات وتحويلات,1000.00,13525.06,20054.06
2026-07-01,debit,PAYMOB*NEW HAWAII TO,مدفوعات وتحويلات,200.00,7265.06,19854.06
2026-07-01,debit,PAYMOB*NEW HAWAII TO,مدفوعات وتحويلات,200.00,7065.06,19654.06
2026-07-03,debit,NBE ATM730,سحب نقدي (ATM),100.00,6563.06,19554.06
2026-07-05,debit,NBE ATM977,سحب نقدي (ATM),1000.00,4553.06,18554.06
2026-07-06,debit,Talabat Maa,مطاعم وتوصيل,541.98,4011.08,18012.08
2026-07-06,credit,KARIM GAMIL GOHARI ABDELFATAH EL GOHRI,وارد,250.00,,18262.08
2026-07-07,debit,AMAZON Cai,تسوق أونلاين,813.99,3447.09,17448.09
2026-07-07,debit,NBE ATM713,سحب نقدي (ATM),2000.00,1447.09,15448.09
2026-07-09,debit,Vodafone Top Up APP Sma,موبايل وإنترنت,143.00,1304.09,15305.09
2026-07-09,debit,Vodafone Top Up APP Sma,موبايل وإنترنت,143.00,1161.09,15162.09
2026-07-13,credit,MENNALLAH WAEL,وارد,395.00,,15557.09
2026-07-13,debit,Talabat Maa,مطاعم وتوصيل,625.34,1130.75,14931.75
2026-07-13,credit,MENNATALLAH RAFIK MOHAMED GAAFAR,وارد,160.00,,15091.75
2026-07-13,credit,ESSAM MOHAMED TAHA MAHROUS IBRAHIM,وارد,170.00,,15261.75
2026-07-16,debit,TOTAL TERSA FUEL 510515,بنزين ووقود,475.00,985.75,14786.75
2026-07-20,debit,Talabat Maa,مطاعم وتوصيل,127.64,858.11,14659.11
2026-07-21,debit,Uber Dow,مطاعم وتوصيل,5.00,853.11,14654.11
2026-07-21,debit,Uber Dow,مطاعم وتوصيل,159.97,693.14,14494.14
2026-07-22,debit,EC H AL AHRAM TRF,اشتراكات ومحتوى,348.68,344.46,14145.46
2026-07-23,debit,VODAFONE EGYPT Cai,موبايل وإنترنت,164.29,180.17,13981.17
2026-07-25,debit,NBE ATM714,سحب نقدي (ATM),100.00,80.17,13881.17
2026-07-26,credit,KARIM GAMIL GOHARI ABDELFATAH EL GOHRI,وارد,200.00,,14081.17
2026-07-26,debit,NBE ATM435,سحب نقدي (ATM),200.00,80.17,13881.17
2026-07-27,debit,Vodafone Top Up APP Sma,موبايل وإنترنت,80.00,0.17,13801.17
2026-08-01,debit,U TURN GI,أخرى (غير مصنف),1150.00,8629.70,12651.17
2026-08-02,debit,BDC ELHARAM C,مشتريات ومحلات,1000.00,7624.70,11651.17
2026-08-02,debit,VODAFONE EGYPT Cai,موبايل وإنترنت,164.29,7460.41,11486.88
2026-08-02,debit,BDC ELHARAM C,مشتريات ومحلات,400.00,7055.41,11086.88
2026-08-03,debit,Talabat Maa,مطاعم وتوصيل,181.19,6799.22,10905.69
2026-08-04,debit,OPAY_PF*Gamety Ca,مدفوعات وتحويلات,60.00,6739.22,10845.69
2026-08-04,debit,QNBS-0838 GIZ,مدفوعات وتحويلات,500.00,6234.22,10345.69
2026-08-04,debit,FAWRY*ALQRYTY,مدفوعات وتحويلات,610.00,5624.22,9735.69
2026-08-05,credit,JANA AHMED,وارد,50.00,,9785.69
2026-08-05,debit,FAWRY*ALQRYTY,مدفوعات وتحويلات,440.00,5234.22,9345.69
2026-08-06,debit,FAWRY*ROMIO STORE MO,مدفوعات وتحويلات,250.00,4984.22,9095.69
2026-08-06,debit,Vodafone Top Up APP Sma,موبايل وإنترنت,286.00,4698.22,8809.69
2026-08-07,debit,BANK NXT ATM ATM,سحب نقدي (ATM),200.00,4493.22,8609.69
2026-08-09,debit,Talabat Maa,مطاعم وتوصيل,500.98,3992.24,8108.71
2026-08-09,credit,ESSAM MOHAMED TAHA MAHROUS IBRAHIM,وارد,250.00,,8358.71
2026-08-09,debit,OLA ENERGY RING RD GI,بنزين ووقود,310.00,3932.24,8048.71
2026-08-11,debit,NBE ATM435,سحب نقدي (ATM),500.00,3009.95,7548.71
2026-08-12,debit,GEIDEAE*Animalia Ne,مشتريات ومحلات,43.00,2966.95,7505.71
2026-08-12,debit,FAWRY*THE STAR SUPER,بقالة وسوبر ماركت,20.00,2946.95,7485.71
2026-08-12,debit,BM HUB OLA DEBOMAT 2TH C,مشتريات ومحلات,1500.00,1441.95,5985.71
2026-08-12,debit,Orange - Home InternetNIL,موبايل وإنترنت,143.00,1298.95,5842.71
2026-08-12,debit,Orange - Home InternetNIL,موبايل وإنترنت,43.00,1255.95,5799.71
2026-08-16,debit,Talabat Maa,مطاعم وتوصيل,395.74,860.21,5403.97
2026-08-18,debit,CIB-OLA Diplomat N,مدفوعات وتحويلات,500.00,355.21,4903.97
2026-08-18,credit,ESSAM MOHAMED TAHA MAHROUS IBRAHIM,وارد,400.00,,5303.97
2026-08-18,debit,VODAFONE EGYPT Cai,موبايل وإنترنت,164.29,590.92,5139.68
2026-08-20,debit,NBE ATM020,سحب نقدي (ATM),200.00,390.92,4939.68
2026-08-20,debit,HDB-ATM4807,سحب نقدي (ATM),200.00,185.92,4739.68
2026-08-20,debit,HDB-ATM4807,سحب نقدي (ATM),100.00,80.92,4639.68
2026-08-23,debit,AWBE CAI,مشتريات ومحلات,60.00,14.42,4579.68
2026-08-25,credit,يوسف نبيل نصيف رزق,وارد,1000.00,,5579.68
2026-08-25,debit,KFH-Egypt CAI,مدفوعات وتحويلات,1000.00,6.42,4579.68
2026-08-31,credit,كريم جميل جوهرى عبدالفتاح الجوهرى,وارد,70.00,,4649.68
2026-09-01,credit,يوسف نبيل نصيف رزق,وارد,8000.00,,12649.68
2026-09-01,debit,talabat.com PostPaid cai,مطاعم وتوصيل,362.99,7713.43,12286.69
2026-09-01,debit,Talabat Maa,مطاعم وتوصيل,274.99,7438.44,12011.70
2026-09-01,debit,OLA ENERGY RING RD GI,بنزين ووقود,265.00,7173.44,11746.70
2026-09-01,debit,BDC HARAM H,مشتريات ومحلات,1100.00,6068.44,10646.70
2026-09-02,debit,NBE ATM020,سحب نقدي (ATM),50.00,6018.44,10596.70
2026-09-02,debit,VODAFONE EGYPT Cai,موبايل وإنترنت,164.29,5854.15,10432.41
2026-09-03,debit,BDC HARAM H,مشتريات ومحلات,100.00,5749.15,10332.41
2026-09-03,debit,FAWRY*SAHB ALSAADH,مدفوعات وتحويلات,150.00,5599.15,10182.41
2026-09-03,debit,BDC ELHARAM C,مشتريات ومحلات,200.00,5394.15,9982.41
2026-09-03,debit,BDC ELHARAM C,مشتريات ومحلات,200.00,5189.15,9782.41
2026-09-05,debit,BDC ELHARAM C,مشتريات ومحلات,2000.00,3184.15,7782.41
2026-09-06,debit,CHILL OUT DAR ELSALAM,كافيهات وترفيه,232.00,2952.15,7550.41
2026-09-06,debit,CAIROXXX CAI,أخرى (غير مصنف),616.00,2331.15,6934.41
2026-09-07,credit,IBRAHIM SAEED ABD ELAZIZ ABD ELNAGY,وارد,30.00,,6964.41
2026-09-09,debit,CHILL OUT DAR ELSALAM,كافيهات وترفيه,184.00,2177.15,6780.41
2026-09-10,debit,BDC ELHARAM C,مشتريات ومحلات,1000.00,1172.15,5780.41
2026-09-10,debit,FAWRY*SAHB ALSAADH,مدفوعات وتحويلات,200.00,972.15,5580.41
2026-09-10,debit,Market Khier wa Baraka 52,بقالة وسوبر ماركت,135.00,832.15,5445.41
2026-09-11,debit,WATANIYA ABOU ELDARG SUE,بقالة وسوبر ماركت,720.00,112.15,4725.41
2026-09-11,debit,FAWRY*WINK DOLPHIN S,مدفوعات وتحويلات,100.00,12.15,4625.41
2026-09-14,credit,ESSAM MOHAMED TAHA MAHROUS IBRAHIM,وارد,40.00,,4665.41
2026-09-14,credit,نجلاء فتحى محمد ايوب,وارد,500.00,,5165.41
2026-09-14,debit,NBE ATM020,سحب نقدي (ATM),500.00,63.79,4665.41
2026-09-14,debit,Vodafone Top Up APP Sma,موبايل وإنترنت,43.00,20.79,4622.41
2026-09-19,debit,Vodafone Top Up APP Sma,موبايل وإنترنت,20.00,0.79,4602.41
2026-09-26,credit,يوسف نبيل نصيف رزق,وارد,2000.00,,6602.41
2026-09-26,debit,CIB-FAWRY PLUS FAISAL G,مدفوعات وتحويلات,1000.00,995.79,5602.41
2026-09-26,debit,FAWRY*DOCTOR BIKE AU,مدفوعات وتحويلات,500.00,495.79,5102.41
2026-09-28,debit,Vodafone Top Up APP Sma,موبايل وإنترنت,143.00,352.79,4959.41
2026-09-28,debit,CHILL OUT DAR ELSALAM,كافيهات وترفيه,226.00,126.79,4733.41
2026-09-28,debit,Vodafone Top Up APP Sma,موبايل وإنترنت,126.00,0.79,4607.41
2026-09-30,credit,ESSAM MOHAMED TAHA MAHROUS IBRAHIM,وارد,480.00,,5087.41
2026-10-01,credit,يوسف نبيل نصيف رزق,وارد,17000.00,,22087.41
2026-10-01,debit,BDC ELSTODYOHAT ALANTA 6,مشتريات ومحلات,2000.00,15475.79,20087.41
